class,precision,recall,f1
0,0.8,1.0,0.888888888888889
1,1.0,1.0,1.0
2,1.0,1.0,1.0
3,1.0,1.0,1.0
4,1.0,1.0,1.0
5,1.0,0.5,0.6666666666666666
6,0.6666666666666666,1.0,0.8
7,0.5,0.6666666666666666,0.5714285714285715
8,1.0,1.0,1.0
9,1.0,0.75,0.8571428571428571
10,0.3333333333333333,0.3333333333333333,0.3333333333333333
11,1.0,1.0,1.0
12,1.0,0.3333333333333333,0.5
13,1.0,0.75,0.8571428571428571
14,1.0,1.0,1.0
15,0.75,1.0,0.8571428571428571
16,1.0,1.0,1.0
17,1.0,0.75,0.8571428571428571
18,0.6666666666666666,0.6666666666666666,0.6666666666666666
19,0.6666666666666666,1.0,0.8
20,1.0,1.0,1.0
21,1.0,1.0,1.0
22,1.0,1.0,1.0
23,0.6666666666666666,1.0,0.8
24,1.0,1.0,1.0
25,1.0,0.6666666666666666,0.8

accuracy,f1_macro,f1_weight
0.8625,0.855982905982906,0.8595039682539684